<application>
  <component name="ExportableFileTemplateSettings">
    <internal_templates>
      <template name="AnnotationType.java" reformat="true" live-template-enabled="true" enabled="true" />
      <template name="Class.java" reformat="true" live-template-enabled="true" enabled="true" />
      <template name="Enum.java" reformat="true" live-template-enabled="true" enabled="true" />
      <template name="HTML File.html" reformat="true" live-template-enabled="false" enabled="true" />
      <template name="HTML4 File.html" reformat="true" live-template-enabled="false" enabled="true" />
      <template name="Interface.java" reformat="true" live-template-enabled="true" enabled="true" />
      <template name="module-info.java" reformat="true" live-template-enabled="true" enabled="true" />
      <template name="package-info.java" reformat="true" live-template-enabled="true" enabled="true" />
      <template name="XHTML File.xhtml" reformat="true" live-template-enabled="false" enabled="true" />
    </internal_templates>
  </component>
</application>